TRATSCZ12903CDAF86,Edge of Sanity,100,Kimberly,Bartlomieczak,1	
TRATSCZ12903CDAF86,Edge of Sanity,1000,Bald,Shrubshall,1	
TRATSCZ12903CDAF86,Edge of Sanity,1004,Claudianus,Woolger,1	
TRATSCZ12903CDAF86,Edge of Sanity,1019,Fonzie,Gerriet,1	
TRATSCZ12903CDAF86,Edge of Sanity,1023,Verney,Helks,1	
TRATSCZ12903CDAF86,Edge of Sanity,1061,Ricky,Antoniou,1	
TRATSCZ12903CDAF86,Edge of Sanity,1062,Katharyn,Nizard,1	
TRATSCZ12903CDAF86,Edge of Sanity,1071,Emilee,Radish,1	
TRATSCZ12903CDAF86,Edge of Sanity,1074,Stacee,Iveson,1	
TRATSCZ12903CDAF86,Edge of Sanity,1086,Danell,Probate,1	
TRATSCZ12903CDAF86,Edge of Sanity,1119,Cedric,Bastie,1	
TRATSCZ12903CDAF86,Edge of Sanity,1156,Sasha,Ungerechts,1	
TRATSCZ12903CDAF86,Edge of Sanity,116,Tim,Beddows,1	
TRATSCZ12903CDAF86,Edge of Sanity,1160,Reamonn,Simpson,1	
TRATSCZ12903CDAF86,Edge of Sanity,117,Bran,Scouler,1	
TRATSCZ12903CDAF86,Edge of Sanity,1226,Germaine,Viggars,1	
TRATSCZ12903CDAF86,Edge of Sanity,1280,Jeana,Castellone,1	
TRATSCZ12903CDAF86,Edge of Sanity,1284,Abigail,Sendall,1	
TRATSCZ12903CDAF86,Edge of Sanity,1310,Murry,Wynch,1	
TRATSCZ12903CDAF86,Edge of Sanity,1312,Danila,Custance,1	
TRATSCZ12903CDAF86,Edge of Sanity,1333,Kristo,O'Cannan,1	
TRATSCZ12903CDAF86,Edge of Sanity,135,Jilleen,Tyhurst,1	
TRATSCZ12903CDAF86,Edge of Sanity,1355,Rickard,Cardenoza,1	
TRATSCZ12903CDAF86,Edge of Sanity,1359,Oralia,Gwillym,1	
TRATSCZ12903CDAF86,Edge of Sanity,1369,Effie,Cariss,1	
TRATSCZ12903CDAF86,Edge of Sanity,1374,Claudell,Shedd,1	
TRATSCZ12903CDAF86,Edge of Sanity,1398,Ingelbert,Kalberer,1	
TRATSCZ12903CDAF86,Edge of Sanity,144,Donavon,Cudiff,1	
TRATSCZ12903CDAF86,Edge of Sanity,1452,Emmie,Zipsell,1	
TRATSCZ12903CDAF86,Edge of Sanity,1458,Bendix,Dresser,1	
TRATSCZ12903CDAF86,Edge of Sanity,1476,Molly,McKendry,1	
TRATSCZ12903CDAF86,Edge of Sanity,1489,Chadd,Hembery,1	
TRATSCZ12903CDAF86,Edge of Sanity,1490,Martino,Robens,1	
TRATSCZ12903CDAF86,Edge of Sanity,1528,Renado,Kwiek,1	
TRATSCZ12903CDAF86,Edge of Sanity,1538,Raul,Haistwell,1	
TRATSCZ12903CDAF86,Edge of Sanity,1573,Clare,Jocic,1	
TRATSCZ12903CDAF86,Edge of Sanity,1582,Zach,Lindenstrauss,1	
TRATSCZ12903CDAF86,Edge of Sanity,1638,Stanford,Kestell,1	
TRATSCZ12903CDAF86,Edge of Sanity,1644,Val,O'Cannon,1	
TRATSCZ12903CDAF86,Edge of Sanity,1679,Saundra,Skrzynski,1	
TRATSCZ12903CDAF86,Edge of Sanity,1766,Melonie,De Miranda,1	
TRATSCZ12903CDAF86,Edge of Sanity,1792,Gilbert,Ruppeli,1	
TRATSCZ12903CDAF86,Edge of Sanity,1811,Jillana,Bonallack,1	
TRATSCZ12903CDAF86,Edge of Sanity,1825,Hermione,Gunning,1	
TRATSCZ12903CDAF86,Edge of Sanity,1833,Briant,Rentalll,1	
TRATSCZ12903CDAF86,Edge of Sanity,1883,Parsifal,Pattillo,1	
TRATSCZ12903CDAF86,Edge of Sanity,1914,Isadore,Gerrelt,1	
TRATSCZ12903CDAF86,Edge of Sanity,1949,Selle,Cleary,1	
TRATSCZ12903CDAF86,Edge of Sanity,1974,Germaine,Malimoe,1	
TRATSCZ12903CDAF86,Edge of Sanity,2076,Sibella,Tipperton,1	
TRATSCZ12903CDAF86,Edge of Sanity,2077,Vito,Ariss,1	
TRATSCZ12903CDAF86,Edge of Sanity,2097,Avigdor,Padden,1	
TRATSCZ12903CDAF86,Edge of Sanity,2105,Alvy,Forsard,1	
TRATSCZ12903CDAF86,Edge of Sanity,2183,Christiano,Kiellor,1	
TRATSCZ12903CDAF86,Edge of Sanity,2193,Eugenie,Snare,1	
TRATSCZ12903CDAF86,Edge of Sanity,2197,Amandy,Bohin,1	
TRATSCZ12903CDAF86,Edge of Sanity,2220,Chere,Muggach,1	
TRATSCZ12903CDAF86,Edge of Sanity,2263,Paulo,Schulze,1	
TRATSCZ12903CDAF86,Edge of Sanity,2265,Nichols,Dallemore,1	
TRATSCZ12903CDAF86,Edge of Sanity,2267,Beverly,Marshalleck,1	
TRATSCZ12903CDAF86,Edge of Sanity,2273,Keene,Duny,1	
TRATSCZ12903CDAF86,Edge of Sanity,2329,Alis,Falkinder,1	
TRATSCZ12903CDAF86,Edge of Sanity,234,Stormy,Rolph,1	
TRATSCZ12903CDAF86,Edge of Sanity,24,Solomon,Smithson,1	
TRATSCZ12903CDAF86,Edge of Sanity,2406,Gene,Lamshead,1	
TRATSCZ12903CDAF86,Edge of Sanity,244,Pamela,Tolomelli,1	
TRATSCZ12903CDAF86,Edge of Sanity,2446,Farlee,Dripps,1	
TRATSCZ12903CDAF86,Edge of Sanity,247,Haleigh,Rosenwasser,1	
TRATSCZ12903CDAF86,Edge of Sanity,2481,Kelsi,Okell,1	
TRATSCZ12903CDAF86,Edge of Sanity,2494,Mona,Guess,1	
TRATSCZ12903CDAF86,Edge of Sanity,2502,Corie,O'Henery,1	
TRATSCZ12903CDAF86,Edge of Sanity,2511,Drusilla,Oda,1	
TRATSCZ12903CDAF86,Edge of Sanity,2546,Vassili,Littlechild,1	
TRATSCZ12903CDAF86,Edge of Sanity,2553,Eba,Montrose,1	
TRATSCZ12903CDAF86,Edge of Sanity,258,Cherlyn,Langman,1	
TRATSCZ12903CDAF86,Edge of Sanity,2582,Marcille,Ezzell,1	
TRATSCZ12903CDAF86,Edge of Sanity,2592,Aube,Applewhite,1	
TRATSCZ12903CDAF86,Edge of Sanity,2616,Gerrilee,Stuckley,1	
TRATSCZ12903CDAF86,Edge of Sanity,2618,Rebekah,Warlow,1	
TRATSCZ12903CDAF86,Edge of Sanity,2703,Fredia,Jeanon,1	
TRATSCZ12903CDAF86,Edge of Sanity,2708,Terza,Duckit,1	
TRATSCZ12903CDAF86,Edge of Sanity,2716,Dario,Lyosik,1	
TRATSCZ12903CDAF86,Edge of Sanity,2725,Noellyn,O' Culligan,1	
TRATSCZ12903CDAF86,Edge of Sanity,2736,Pietro,Burbank,1	
TRATSCZ12903CDAF86,Edge of Sanity,2744,Abbi,Chidlow,1	
TRATSCZ12903CDAF86,Edge of Sanity,2768,Dud,Chilles,1	
TRATSCZ12903CDAF86,Edge of Sanity,2798,Vivie,Enbury,1	
TRATSCZ12903CDAF86,Edge of Sanity,2810,Lennie,Grishagin,1	
TRATSCZ12903CDAF86,Edge of Sanity,2835,Nikki,Gladyer,1	
TRATSCZ12903CDAF86,Edge of Sanity,2839,Suzi,Canny,1	
TRATSCZ12903CDAF86,Edge of Sanity,2884,Jacquette,Bingall,1	
TRATSCZ12903CDAF86,Edge of Sanity,2936,Mikaela,Renouf,1	
TRATSCZ12903CDAF86,Edge of Sanity,2957,Alfi,Ilyenko,1	
TRATSCZ12903CDAF86,Edge of Sanity,2978,Dev,Jakubczyk,1	
TRATSCZ12903CDAF86,Edge of Sanity,2986,Joel,Eastop,1	
TRATSCZ12903CDAF86,Edge of Sanity,3004,Joanne,Medlen,1	
TRATSCZ12903CDAF86,Edge of Sanity,301,Guilbert,Covet,1	
TRATSCZ12903CDAF86,Edge of Sanity,3030,Birgitta,Heaney`,1	
TRATSCZ12903CDAF86,Edge of Sanity,3051,Carlotta,Waltho,1	
TRATSCZ12903CDAF86,Edge of Sanity,307,Booth,Lukehurst,1	
TRATSCZ12903CDAF86,Edge of Sanity,3081,Blancha,Panas,1	
TRATSCZ12903CDAF86,Edge of Sanity,309,Arabella,Lougheed,1	
TRATSCZ12903CDAF86,Edge of Sanity,3100,Derry,Watson-Brown,1	
TRATSCZ12903CDAF86,Edge of Sanity,3155,Grete,Savell,1	
TRATSCZ12903CDAF86,Edge of Sanity,3204,Vachel,Kimblin,1	
TRATSCZ12903CDAF86,Edge of Sanity,3211,Brannon,Weaver,1	
TRATSCZ12903CDAF86,Edge of Sanity,3237,Alfonse,Spain,2	
TRATSCZ12903CDAF86,Edge of Sanity,3251,Stormie,Strete,1	
TRATSCZ12903CDAF86,Edge of Sanity,3288,Balduin,Hankin,1	
TRATSCZ12903CDAF86,Edge of Sanity,3312,Rem,Harcombe,1	
TRATSCZ12903CDAF86,Edge of Sanity,3359,Kandace,Beddo,1	
TRATSCZ12903CDAF86,Edge of Sanity,3363,Maxim,Rutigliano,1	
TRATSCZ12903CDAF86,Edge of Sanity,3379,Cross,Reyburn,1	
TRATSCZ12903CDAF86,Edge of Sanity,3415,Bonita,Kaas,1	
TRATSCZ12903CDAF86,Edge of Sanity,3436,Sidonia,Threlkeld,1	
TRATSCZ12903CDAF86,Edge of Sanity,3469,Ignacius,Rangeley,1	
TRATSCZ12903CDAF86,Edge of Sanity,3478,Milli,Pybus,1	
TRATSCZ12903CDAF86,Edge of Sanity,3552,Tracey,Finnigan,1	
TRATSCZ12903CDAF86,Edge of Sanity,3559,Hallsy,Doughill,1	
TRATSCZ12903CDAF86,Edge of Sanity,3583,Bil,Aim,1	
TRATSCZ12903CDAF86,Edge of Sanity,368,Eddie,Zellick,1	
TRATSCZ12903CDAF86,Edge of Sanity,3719,Kaye,Guidetti,1	
TRATSCZ12903CDAF86,Edge of Sanity,3754,Temp,Ubsdall,1	
TRATSCZ12903CDAF86,Edge of Sanity,3780,Francis,Glusby,1	
TRATSCZ12903CDAF86,Edge of Sanity,3784,Hilton,Dowrey,1	
TRATSCZ12903CDAF86,Edge of Sanity,3815,Nathaniel,Rawll,1	
TRATSCZ12903CDAF86,Edge of Sanity,3843,Sheryl,McCarly,1	
TRATSCZ12903CDAF86,Edge of Sanity,3937,Randi,Jouaneton,1	
TRATSCZ12903CDAF86,Edge of Sanity,399,Vincenz,Jime,1	
TRATSCZ12903CDAF86,Edge of Sanity,3997,Jobina,Kindley,1	
TRATSCZ12903CDAF86,Edge of Sanity,4023,Addison,Lochead,1	
TRATSCZ12903CDAF86,Edge of Sanity,4041,Marissa,Patterfield,1	
TRATSCZ12903CDAF86,Edge of Sanity,4047,Catlaina,Michelmore,1	
TRATSCZ12903CDAF86,Edge of Sanity,407,Pauli,Guerreau,1	
TRATSCZ12903CDAF86,Edge of Sanity,4091,Garret,Barttrum,1	
TRATSCZ12903CDAF86,Edge of Sanity,4106,Daune,Howsan,1	
TRATSCZ12903CDAF86,Edge of Sanity,4134,Minni,Heyburn,2	
TRATSCZ12903CDAF86,Edge of Sanity,4135,Marylee,Lorenz,1	
TRATSCZ12903CDAF86,Edge of Sanity,4140,Harlen,L'Hommee,1	
TRATSCZ12903CDAF86,Edge of Sanity,4182,Liz,Bissett,1	
TRATSCZ12903CDAF86,Edge of Sanity,4192,Ermanno,Beiderbecke,1	
TRATSCZ12903CDAF86,Edge of Sanity,4227,Bendix,Yair,1	
TRATSCZ12903CDAF86,Edge of Sanity,4260,Eryn,Forde,1	
TRATSCZ12903CDAF86,Edge of Sanity,4304,Delmar,Warlowe,1	
TRATSCZ12903CDAF86,Edge of Sanity,4328,Alexine,Mitford,1	
TRATSCZ12903CDAF86,Edge of Sanity,4396,Alley,Payle,1	
TRATSCZ12903CDAF86,Edge of Sanity,4402,Jeanne,Winny,1	
TRATSCZ12903CDAF86,Edge of Sanity,4408,Jodie,Tewnion,1	
TRATSCZ12903CDAF86,Edge of Sanity,4423,Rey,Batchelor,1	
TRATSCZ12903CDAF86,Edge of Sanity,4438,Nikolaos,Brann,1	
TRATSCZ12903CDAF86,Edge of Sanity,4448,Hadlee,Manketell,1	
TRATSCZ12903CDAF86,Edge of Sanity,451,Bernhard,McDermott-Row,1	
TRATSCZ12903CDAF86,Edge of Sanity,453,Rafael,Fitch,1	
TRATSCZ12903CDAF86,Edge of Sanity,4602,Meggy,Cullnean,1	
TRATSCZ12903CDAF86,Edge of Sanity,4663,Janetta,Carletti,1	
TRATSCZ12903CDAF86,Edge of Sanity,4704,Hoyt,Caslake,1	
TRATSCZ12903CDAF86,Edge of Sanity,4709,Kathi,Rilings,1	
TRATSCZ12903CDAF86,Edge of Sanity,4710,Ira,Dowdell,1	
TRATSCZ12903CDAF86,Edge of Sanity,4711,Josee,Castri,1	
TRATSCZ12903CDAF86,Edge of Sanity,4748,Terence,Vaar,1	
TRATSCZ12903CDAF86,Edge of Sanity,4766,Dennie,Bater,1	
TRATSCZ12903CDAF86,Edge of Sanity,4788,Debby,Dwelly,1	
TRATSCZ12903CDAF86,Edge of Sanity,4816,Jacklyn,Crummay,1	
TRATSCZ12903CDAF86,Edge of Sanity,4823,Caspar,Millhill,1	
TRATSCZ12903CDAF86,Edge of Sanity,4890,Hewe,Worsham,1	
TRATSCZ12903CDAF86,Edge of Sanity,4891,Mattheus,Tubbs,1	
TRATSCZ12903CDAF86,Edge of Sanity,4922,Selie,Banfill,1	
TRATSCZ12903CDAF86,Edge of Sanity,4957,Octavia,How,1	
TRATSCZ12903CDAF86,Edge of Sanity,497,Augustine,Saberton,1	
TRATSCZ12903CDAF86,Edge of Sanity,4978,Kata,Rutter,1	
TRATSCZ12903CDAF86,Edge of Sanity,5006,Kipp,Osbidston,1	
TRATSCZ12903CDAF86,Edge of Sanity,5034,Sallyann,Brightie,1	
TRATSCZ12903CDAF86,Edge of Sanity,5039,Kimberley,Atrill,1	
TRATSCZ12903CDAF86,Edge of Sanity,5058,Alfred,Bainbrigge,1	
TRATSCZ12903CDAF86,Edge of Sanity,5075,Jemmie,Delia,1	
TRATSCZ12903CDAF86,Edge of Sanity,5082,Theda,Ellershaw,1	
TRATSCZ12903CDAF86,Edge of Sanity,5148,Minta,Dottrell,1	
TRATSCZ12903CDAF86,Edge of Sanity,5149,Junette,Verduin,1	
TRATSCZ12903CDAF86,Edge of Sanity,5157,Edythe,Margeram,1	
TRATSCZ12903CDAF86,Edge of Sanity,517,Kirstyn,Durman,1	
TRATSCZ12903CDAF86,Edge of Sanity,5180,Peadar,Illesley,1	
TRATSCZ12903CDAF86,Edge of Sanity,5186,Tess,Tortice,1	
TRATSCZ12903CDAF86,Edge of Sanity,5211,Genvieve,Marvelley,1	
TRATSCZ12903CDAF86,Edge of Sanity,523,Marshall,Offa,1	
TRATSCZ12903CDAF86,Edge of Sanity,5230,Danielle,Penson,1	
TRATSCZ12903CDAF86,Edge of Sanity,5280,Carl,Matejic,1	
TRATSCZ12903CDAF86,Edge of Sanity,5294,Adams,Jouning,1	
TRATSCZ12903CDAF86,Edge of Sanity,5303,Megan,Wing,1	
TRATSCZ12903CDAF86,Edge of Sanity,5345,Floris,Angier,1	
TRATSCZ12903CDAF86,Edge of Sanity,5356,Everard,Chestnutt,1	
TRATSCZ12903CDAF86,Edge of Sanity,5366,Cathlene,Champkin,1	
TRATSCZ12903CDAF86,Edge of Sanity,5372,Hadley,Kamenar,1	
TRATSCZ12903CDAF86,Edge of Sanity,538,Briant,Sweet,1	
TRATSCZ12903CDAF86,Edge of Sanity,5463,Baily,Driver,1	
TRATSCZ12903CDAF86,Edge of Sanity,5537,Janene,Itzak,1	
TRATSCZ12903CDAF86,Edge of Sanity,5541,Sol,Jovovic,1	
TRATSCZ12903CDAF86,Edge of Sanity,5595,Alister,Ghiotto,1	
TRATSCZ12903CDAF86,Edge of Sanity,562,Janeva,Haskayne,1	
TRATSCZ12903CDAF86,Edge of Sanity,5626,Raimondo,Osborne,1	
TRATSCZ12903CDAF86,Edge of Sanity,5685,Ogdon,Kearns,1	
TRATSCZ12903CDAF86,Edge of Sanity,5687,Audrie,Thurlborn,1	
TRATSCZ12903CDAF86,Edge of Sanity,5740,Ada,Simms,1	
TRATSCZ12903CDAF86,Edge of Sanity,575,Lynea,Totman,1	
TRATSCZ12903CDAF86,Edge of Sanity,5777,Dorise,Cissell,1	
TRATSCZ12903CDAF86,Edge of Sanity,5807,Anjela,Fardell,1	
TRATSCZ12903CDAF86,Edge of Sanity,5815,Mora,Bocke,1	
TRATSCZ12903CDAF86,Edge of Sanity,5822,Jammie,Thireau,3	
TRATSCZ12903CDAF86,Edge of Sanity,5867,Flem,Durno,1	
TRATSCZ12903CDAF86,Edge of Sanity,5907,Juana,Van Geffen,1	
TRATSCZ12903CDAF86,Edge of Sanity,5910,Gonzalo,Pallent,1	
TRATSCZ12903CDAF86,Edge of Sanity,5934,Lynelle,Dumbarton,1	
TRATSCZ12903CDAF86,Edge of Sanity,5941,Rosana,Whittles,1	
TRATSCZ12903CDAF86,Edge of Sanity,5950,Dari,Wallen,1	
TRATSCZ12903CDAF86,Edge of Sanity,5953,Standford,Kayley,1	
TRATSCZ12903CDAF86,Edge of Sanity,5991,Mildred,Baack,1	
TRATSCZ12903CDAF86,Edge of Sanity,5997,Mollie,Pinkie,1	
TRATSCZ12903CDAF86,Edge of Sanity,6011,Delmar,Carlet,1	
TRATSCZ12903CDAF86,Edge of Sanity,6095,Sabina,Roony,1	
TRATSCZ12903CDAF86,Edge of Sanity,6121,Annmaria,Dast,1	
TRATSCZ12903CDAF86,Edge of Sanity,6138,Oswell,Hassewell,1	
TRATSCZ12903CDAF86,Edge of Sanity,6162,Ibby,Culter,1	
TRATSCZ12903CDAF86,Edge of Sanity,6183,Lindsey,Arons,1	
TRATSCZ12903CDAF86,Edge of Sanity,6197,Melinda,Ocheltree,1	
TRATSCZ12903CDAF86,Edge of Sanity,622,Aura,Louthe,2	
TRATSCZ12903CDAF86,Edge of Sanity,6241,Ezmeralda,Whitnall,1	
TRATSCZ12903CDAF86,Edge of Sanity,6246,Yard,Bellanger,1	
TRATSCZ12903CDAF86,Edge of Sanity,6267,Frazier,Pellett,1	
TRATSCZ12903CDAF86,Edge of Sanity,631,Gillian,Middle,1	
TRATSCZ12903CDAF86,Edge of Sanity,6330,Tobit,Jendrusch,1	
TRATSCZ12903CDAF86,Edge of Sanity,6346,Hermy,Hawk,1	
TRATSCZ12903CDAF86,Edge of Sanity,6371,Dwayne,Milnthorpe,1	
TRATSCZ12903CDAF86,Edge of Sanity,6380,Jaquelin,O'Loughane,1	
TRATSCZ12903CDAF86,Edge of Sanity,6384,Ronalda,Stiffkins,1	
TRATSCZ12903CDAF86,Edge of Sanity,639,Lesya,Dorricott,1	
TRATSCZ12903CDAF86,Edge of Sanity,6445,Alexandra,Renbold,1	
TRATSCZ12903CDAF86,Edge of Sanity,6451,Tamas,Sunley,1	
TRATSCZ12903CDAF86,Edge of Sanity,6497,Philomena,Panniers,1	
TRATSCZ12903CDAF86,Edge of Sanity,6512,Ambros,Hofton,1	
TRATSCZ12903CDAF86,Edge of Sanity,6516,Toinette,Tarquinio,1	
TRATSCZ12903CDAF86,Edge of Sanity,6556,Angus,Tarborn,1	
TRATSCZ12903CDAF86,Edge of Sanity,6565,Bekki,Garrit,1	
TRATSCZ12903CDAF86,Edge of Sanity,6586,Tony,Chamberlen,1	
TRATSCZ12903CDAF86,Edge of Sanity,6602,Rochelle,Bloan,1	
TRATSCZ12903CDAF86,Edge of Sanity,664,Manya,McGuggy,1	
TRATSCZ12903CDAF86,Edge of Sanity,6726,Jayson,Jammes,1	
TRATSCZ12903CDAF86,Edge of Sanity,6746,Britt,McGloin,1	
TRATSCZ12903CDAF86,Edge of Sanity,6748,Othilia,Yeates,1	
TRATSCZ12903CDAF86,Edge of Sanity,6751,Jordon,Edmonson,1	
TRATSCZ12903CDAF86,Edge of Sanity,6762,Issi,Perott,1	
TRATSCZ12903CDAF86,Edge of Sanity,678,Berti,Banker,1	
TRATSCZ12903CDAF86,Edge of Sanity,6789,Cale,Eatttok,1	
TRATSCZ12903CDAF86,Edge of Sanity,6852,Gaylor,Suero,1	
TRATSCZ12903CDAF86,Edge of Sanity,6853,Mel,Skilbeck,1	
TRATSCZ12903CDAF86,Edge of Sanity,6863,Kara-lynn,Bernuzzi,1	
TRATSCZ12903CDAF86,Edge of Sanity,6941,Wain,Petrelluzzi,1	
TRATSCZ12903CDAF86,Edge of Sanity,6985,Rollin,Stirland,1	
TRATSCZ12903CDAF86,Edge of Sanity,707,Gianna,Monard,1	
TRATSCZ12903CDAF86,Edge of Sanity,7088,Reggie,Jenkins,1	
TRATSCZ12903CDAF86,Edge of Sanity,7113,Bing,Hulatt,1	
TRATSCZ12903CDAF86,Edge of Sanity,7124,Sylvan,Bearham,1	
TRATSCZ12903CDAF86,Edge of Sanity,7159,Florian,Baglin,1	
TRATSCZ12903CDAF86,Edge of Sanity,7251,Maude,Noen,1	
TRATSCZ12903CDAF86,Edge of Sanity,7300,Stacia,Gear,1	
TRATSCZ12903CDAF86,Edge of Sanity,7313,Tallulah,Barnfield,2	
TRATSCZ12903CDAF86,Edge of Sanity,7332,Hiram,O'Nolan,1	
TRATSCZ12903CDAF86,Edge of Sanity,735,Ivan,Banisch,1	
TRATSCZ12903CDAF86,Edge of Sanity,737,Friedrick,Coffelt,1	
TRATSCZ12903CDAF86,Edge of Sanity,7403,Timmy,Calladine,1	
TRATSCZ12903CDAF86,Edge of Sanity,7423,Judi,Cagan,1	
TRATSCZ12903CDAF86,Edge of Sanity,7441,Bethina,Entissle,1	
TRATSCZ12903CDAF86,Edge of Sanity,7448,Reeta,Hayden,1	
TRATSCZ12903CDAF86,Edge of Sanity,745,Anestassia,Marks,2	
TRATSCZ12903CDAF86,Edge of Sanity,7546,Nellie,Wardhough,1	
TRATSCZ12903CDAF86,Edge of Sanity,7557,Simone,Ibarra,1	
TRATSCZ12903CDAF86,Edge of Sanity,7574,Maddy,Netting,1	
TRATSCZ12903CDAF86,Edge of Sanity,7581,Dolli,Boone,1	
TRATSCZ12903CDAF86,Edge of Sanity,7584,Carlota,Saunderson,1	
TRATSCZ12903CDAF86,Edge of Sanity,7610,Edeline,Jedrachowicz,1	
TRATSCZ12903CDAF86,Edge of Sanity,7617,Dollie,Darwood,1	
TRATSCZ12903CDAF86,Edge of Sanity,7704,Lynea,Pendry,1	
TRATSCZ12903CDAF86,Edge of Sanity,7707,Karleen,Bottomore,1	
TRATSCZ12903CDAF86,Edge of Sanity,7723,Sarina,Spalls,1	
TRATSCZ12903CDAF86,Edge of Sanity,7758,Gerhardt,Towson,1	
TRATSCZ12903CDAF86,Edge of Sanity,7797,Cyrille,Bithell,1	
TRATSCZ12903CDAF86,Edge of Sanity,7817,Gelya,Jurs,1	
TRATSCZ12903CDAF86,Edge of Sanity,7859,Pierrette,Stichall,1	
TRATSCZ12903CDAF86,Edge of Sanity,7882,Borden,Boggs,1	
TRATSCZ12903CDAF86,Edge of Sanity,7887,Nanci,Kittredge,1	
TRATSCZ12903CDAF86,Edge of Sanity,7934,Darsie,Cantua,1	
TRATSCZ12903CDAF86,Edge of Sanity,7944,Leonelle,Jachtym,1	
TRATSCZ12903CDAF86,Edge of Sanity,7971,Christabel,Ipsgrave,1	
TRATSCZ12903CDAF86,Edge of Sanity,869,Hunt,Antognazzi,1	
TRATSCZ12903CDAF86,Edge of Sanity,88,Berkeley,Aubray,1	
TRATSCZ12903CDAF86,Edge of Sanity,882,Goran,Bucknill,1	
TRATSCZ12903CDAF86,Edge of Sanity,893,Lezley,Hodges,1	
TRATSCZ12903CDAF86,Edge of Sanity,896,Elke,Chubb,1	
TRATSCZ12903CDAF86,Edge of Sanity,936,Ezra,Curgenven,1	
TRATSCZ12903CDAF86,Edge of Sanity,981,Annmaria,Creaser,1	
TRATSCZ12903CDAF86,Edge of Sanity,987,Dara,Yeowell,1	
TRATSDF128F93023EB,Inkubus Sukkubus,10,Rhys,Pearne,1	
TRATSDF128F93023EB,Inkubus Sukkubus,1053,Percival,Riglesford,1	
TRATSDF128F93023EB,Inkubus Sukkubus,1084,Lion,Le Conte,1	
TRATSDF128F93023EB,Inkubus Sukkubus,1091,Alessandro,Chevalier,1	
TRATSDF128F93023EB,Inkubus Sukkubus,1100,Rosette,Heffer,1	
TRATSDF128F93023EB,Inkubus Sukkubus,1120,Salvidor,Oxborrow,1	
TRATSDF128F93023EB,Inkubus Sukkubus,1130,Lynea,Rowat,1	
TRATSDF128F93023EB,Inkubus Sukkubus,1207,Fay,Keiley,1	
TRATSDF128F93023EB,Inkubus Sukkubus,1210,Gavin,Jedraszczyk,1	
TRATSDF128F93023EB,Inkubus Sukkubus,1280,Jeana,Castellone,1	
TRATSDF128F93023EB,Inkubus Sukkubus,1314,Roger,Thoumas,1	
TRATSDF128F93023EB,Inkubus Sukkubus,1318,Antin,Izachik,1	
TRATSDF128F93023EB,Inkubus Sukkubus,1337,Arleta,McKimm,1	
TRATSDF128F93023EB,Inkubus Sukkubus,1338,Melita,Ponde,1	
TRATSDF128F93023EB,Inkubus Sukkubus,1344,Murry,Goodfield,1	
TRATSDF128F93023EB,Inkubus Sukkubus,1396,Cleve,Mallinder,1	
TRATSDF128F93023EB,Inkubus Sukkubus,1403,Demetria,Swetland,1	
TRATSDF128F93023EB,Inkubus Sukkubus,1419,Olin,Wannes,1	
TRATSDF128F93023EB,Inkubus Sukkubus,1430,Inge,Messer,1	
TRATSDF128F93023EB,Inkubus Sukkubus,1684,Heinrick,Dorsett,1	
TRATSDF128F93023EB,Inkubus Sukkubus,1709,Rabi,Diess,1	
TRATSDF128F93023EB,Inkubus Sukkubus,1712,Marshall,Brower,1	
TRATSDF128F93023EB,Inkubus Sukkubus,1801,Tommi,Ousley,1	
TRATSDF128F93023EB,Inkubus Sukkubus,1827,Margarethe,Gilks,1	
TRATSDF128F93023EB,Inkubus Sukkubus,1853,Bernelle,Gwinnell,1	
TRATSDF128F93023EB,Inkubus Sukkubus,1874,Carmine,Heisler,1	
TRATSDF128F93023EB,Inkubus Sukkubus,1885,Candis,Sirrell,1	
TRATSDF128F93023EB,Inkubus Sukkubus,1892,Axe,Causby,1	
TRATSDF128F93023EB,Inkubus Sukkubus,1894,Imogen,Yegorov,1	
TRATSDF128F93023EB,Inkubus Sukkubus,1929,Graeme,Jovis,1	
TRATSDF128F93023EB,Inkubus Sukkubus,1970,Yevette,Boribal,1	
TRATSDF128F93023EB,Inkubus Sukkubus,1977,Zarah,Brilleman,1	
TRATSDF128F93023EB,Inkubus Sukkubus,1991,Cosette,Wheble,1	
TRATSDF128F93023EB,Inkubus Sukkubus,1995,Bradly,Mosdell,1	
TRATSDF128F93023EB,Inkubus Sukkubus,2010,Oliver,Clackers,1	
TRATSDF128F93023EB,Inkubus Sukkubus,2028,Gretal,Genn,1	
TRATSDF128F93023EB,Inkubus Sukkubus,2144,Hali,Garman,1	
TRATSDF128F93023EB,Inkubus Sukkubus,2162,Marion,Carthy,1	
TRATSDF128F93023EB,Inkubus Sukkubus,2182,Cornie,Dietzler,1	
TRATSDF128F93023EB,Inkubus Sukkubus,2227,Dionis,Normabell,1	
TRATSDF128F93023EB,Inkubus Sukkubus,2241,Mireielle,Cragg,1	
TRATSDF128F93023EB,Inkubus Sukkubus,2255,Malanie,Storah,1	
TRATSDF128F93023EB,Inkubus Sukkubus,2278,Ekaterina,Aiskrigg,1	
TRATSDF128F93023EB,Inkubus Sukkubus,2296,Stanislaw,Rentenbeck,1	
TRATSDF128F93023EB,Inkubus Sukkubus,2327,Dilly,Praten,1	
TRATSDF128F93023EB,Inkubus Sukkubus,2366,Albertine,Gillon,1	
TRATSDF128F93023EB,Inkubus Sukkubus,2460,Romona,Bogie,1	
TRATSDF128F93023EB,Inkubus Sukkubus,2495,Xenos,Shinton,1	
TRATSDF128F93023EB,Inkubus Sukkubus,2503,Kristine,Milnthorpe,1	
TRATSDF128F93023EB,Inkubus Sukkubus,254,Clovis,Freckleton,1	
TRATSDF128F93023EB,Inkubus Sukkubus,2554,Rosita,Chrstine,1	
TRATSDF128F93023EB,Inkubus Sukkubus,2575,Virginia,Dunsmuir,1	
TRATSDF128F93023EB,Inkubus Sukkubus,2580,Der,Chisman,1	
TRATSDF128F93023EB,Inkubus Sukkubus,2621,Marven,Streeten,1	
TRATSDF128F93023EB,Inkubus Sukkubus,2643,Reider,Minard,1	
TRATSDF128F93023EB,Inkubus Sukkubus,2664,Arlana,Sondon,1	
TRATSDF128F93023EB,Inkubus Sukkubus,2693,Cami,Crampin,1	
TRATSDF128F93023EB,Inkubus Sukkubus,2696,Jammie,Devenny,1	
TRATSDF128F93023EB,Inkubus Sukkubus,2751,Clerkclaude,Barnewell,1	
TRATSDF128F93023EB,Inkubus Sukkubus,2763,Ingmar,Donalson,1	
TRATSDF128F93023EB,Inkubus Sukkubus,2769,Tucky,Darragon,1	
TRATSDF128F93023EB,Inkubus Sukkubus,2771,Shamus,Pritty,1	
TRATSDF128F93023EB,Inkubus Sukkubus,2820,Amelita,Emmerson,1	
TRATSDF128F93023EB,Inkubus Sukkubus,2871,Claudelle,Laycock,1	
TRATSDF128F93023EB,Inkubus Sukkubus,2903,Mel,Geldeard,1	
TRATSDF128F93023EB,Inkubus Sukkubus,2966,Evvie,Klimkov,1	
TRATSDF128F93023EB,Inkubus Sukkubus,2993,Kirby,Greensall,1	
TRATSDF128F93023EB,Inkubus Sukkubus,3010,Timothea,Dahlback,1	
TRATSDF128F93023EB,Inkubus Sukkubus,3025,Ronni,Onion,1	
TRATSDF128F93023EB,Inkubus Sukkubus,3030,Birgitta,Heaney`,1	
TRATSDF128F93023EB,Inkubus Sukkubus,3033,Wheeler,Goodings,1	
TRATSDF128F93023EB,Inkubus Sukkubus,3060,Marne,Alessandrini,1	
TRATSDF128F93023EB,Inkubus Sukkubus,3086,Tanhya,McIlharga,1	
TRATSDF128F93023EB,Inkubus Sukkubus,3097,Tan,Churchard,1	
TRATSDF128F93023EB,Inkubus Sukkubus,3168,Glenden,Bore,1	
TRATSDF128F93023EB,Inkubus Sukkubus,318,Callie,Chugg,1	
TRATSDF128F93023EB,Inkubus Sukkubus,32,Roby,Vaadeland,1	
TRATSDF128F93023EB,Inkubus Sukkubus,3247,Osgood,Ballham,1	
TRATSDF128F93023EB,Inkubus Sukkubus,3290,Thadeus,Moynihan,1	
TRATSDF128F93023EB,Inkubus Sukkubus,3344,Taddeo,Hamlin,1	
TRATSDF128F93023EB,Inkubus Sukkubus,3355,Kristyn,Bibbie,1	
TRATSDF128F93023EB,Inkubus Sukkubus,3362,Guntar,Norvell,1	
TRATSDF128F93023EB,Inkubus Sukkubus,3367,Yancy,Fernehough,1	
TRATSDF128F93023EB,Inkubus Sukkubus,3370,Goober,Lugg,1	
TRATSDF128F93023EB,Inkubus Sukkubus,3411,Phelia,Rous,1	
TRATSDF128F93023EB,Inkubus Sukkubus,3417,Marlow,Badini,1	
TRATSDF128F93023EB,Inkubus Sukkubus,3422,Delano,Toffler,1	
TRATSDF128F93023EB,Inkubus Sukkubus,3451,Marieann,de Chastelain,1	
TRATSDF128F93023EB,Inkubus Sukkubus,3463,Nev,Hardware,1	
TRATSDF128F93023EB,Inkubus Sukkubus,3474,Ravi,Hecks,1	
TRATSDF128F93023EB,Inkubus Sukkubus,3538,Windham,Maxwaile,1	
TRATSDF128F93023EB,Inkubus Sukkubus,356,Ingeberg,Kibbye,1	
TRATSDF128F93023EB,Inkubus Sukkubus,357,Rodrique,Lemmer,1	
TRATSDF128F93023EB,Inkubus Sukkubus,3593,Pietro,Amey,1	
TRATSDF128F93023EB,Inkubus Sukkubus,362,Nelly,Janeczek,1	
TRATSDF128F93023EB,Inkubus Sukkubus,3630,Kenon,Hallen,1	
TRATSDF128F93023EB,Inkubus Sukkubus,3639,Carita,Ebunoluwa,1	
TRATSDF128F93023EB,Inkubus Sukkubus,3663,Che,Allden,1	
TRATSDF128F93023EB,Inkubus Sukkubus,3677,Ted,Mazzeo,1	
TRATSDF128F93023EB,Inkubus Sukkubus,3701,Johannah,Kingstne,1	
TRATSDF128F93023EB,Inkubus Sukkubus,3711,Mildrid,Pardoe,1	
TRATSDF128F93023EB,Inkubus Sukkubus,3734,Trent,Tardiff,1	
TRATSDF128F93023EB,Inkubus Sukkubus,3771,Nolan,Tilte,1	
TRATSDF128F93023EB,Inkubus Sukkubus,3774,Cyndie,Hirth,1	
TRATSDF128F93023EB,Inkubus Sukkubus,3783,Shellysheldon,Marchi,2	
TRATSDF128F93023EB,Inkubus Sukkubus,3850,Trumaine,Lafontaine,1	
TRATSDF128F93023EB,Inkubus Sukkubus,3859,Gaultiero,Baldree,1	
TRATSDF128F93023EB,Inkubus Sukkubus,3862,Emmery,Annett,1	
TRATSDF128F93023EB,Inkubus Sukkubus,3921,Haze,Thouless,1	
TRATSDF128F93023EB,Inkubus Sukkubus,393,Aland,Champneys,1	
TRATSDF128F93023EB,Inkubus Sukkubus,3933,Nickey,Denisot,1	
TRATSDF128F93023EB,Inkubus Sukkubus,3968,Eula,Orbine,1	
TRATSDF128F93023EB,Inkubus Sukkubus,3971,Dimitri,Losel,1	
TRATSDF128F93023EB,Inkubus Sukkubus,3975,Riva,Gapper,1	
TRATSDF128F93023EB,Inkubus Sukkubus,3993,Pandora,Yann,1	
TRATSDF128F93023EB,Inkubus Sukkubus,3996,Grenville,Bruna,1	
TRATSDF128F93023EB,Inkubus Sukkubus,4,Allix,Ratledge,1	
TRATSDF128F93023EB,Inkubus Sukkubus,4001,Mose,Sissot,1	
TRATSDF128F93023EB,Inkubus Sukkubus,4049,Sandy,Mariner,1	
TRATSDF128F93023EB,Inkubus Sukkubus,4068,Ernest,Duell,1	
TRATSDF128F93023EB,Inkubus Sukkubus,4090,Elene,Blackstock,1	
TRATSDF128F93023EB,Inkubus Sukkubus,4115,Alessandra,Belle,1	
TRATSDF128F93023EB,Inkubus Sukkubus,4131,Patsy,Jeste,1	
TRATSDF128F93023EB,Inkubus Sukkubus,4137,Johnathon,Morican,1	
TRATSDF128F93023EB,Inkubus Sukkubus,4149,Carmelia,Jopp,1	
TRATSDF128F93023EB,Inkubus Sukkubus,4152,Goraud,Gallanders,1	
TRATSDF128F93023EB,Inkubus Sukkubus,4205,Killy,Simonian,1	
TRATSDF128F93023EB,Inkubus Sukkubus,425,Franni,Tibbotts,1	
TRATSDF128F93023EB,Inkubus Sukkubus,4267,Far,Lenton,1	
TRATSDF128F93023EB,Inkubus Sukkubus,427,Magnum,Rotherforth,1	
TRATSDF128F93023EB,Inkubus Sukkubus,4274,Drugi,Quin,1	
TRATSDF128F93023EB,Inkubus Sukkubus,4297,Kate,Tant,1	
TRATSDF128F93023EB,Inkubus Sukkubus,4337,Godart,Lambal,1	
TRATSDF128F93023EB,Inkubus Sukkubus,4359,Rabi,Codling,1	
TRATSDF128F93023EB,Inkubus Sukkubus,4367,Rustin,Wimes,1	
TRATSDF128F93023EB,Inkubus Sukkubus,438,Marielle,Hughesdon,1	
TRATSDF128F93023EB,Inkubus Sukkubus,4391,Hally,Copelli,1	
TRATSDF128F93023EB,Inkubus Sukkubus,4408,Jodie,Tewnion,1	
TRATSDF128F93023EB,Inkubus Sukkubus,4471,Georgie,Bonn,1	
TRATSDF128F93023EB,Inkubus Sukkubus,4504,Scotti,Hug,1	
TRATSDF128F93023EB,Inkubus Sukkubus,4505,Meridith,Banner,1	
TRATSDF128F93023EB,Inkubus Sukkubus,4517,Nessy,Soppit,1	
TRATSDF128F93023EB,Inkubus Sukkubus,4573,Cece,Dibson,1	
TRATSDF128F93023EB,Inkubus Sukkubus,4606,Reggi,Thorwarth,1	
TRATSDF128F93023EB,Inkubus Sukkubus,4621,Brooks,Renehan,1	
TRATSDF128F93023EB,Inkubus Sukkubus,4658,Englebert,Humbie,1	
TRATSDF128F93023EB,Inkubus Sukkubus,4663,Janetta,Carletti,1	
TRATSDF128F93023EB,Inkubus Sukkubus,4683,Veronike,Marland,1	
TRATSDF128F93023EB,Inkubus Sukkubus,4720,Mortimer,Haythorn,1	
TRATSDF128F93023EB,Inkubus Sukkubus,4743,Stephana,Swatheridge,1	
TRATSDF128F93023EB,Inkubus Sukkubus,4762,Mahala,Barchrameev,1	
TRATSDF128F93023EB,Inkubus Sukkubus,4810,Joanna,Gravell,1	
TRATSDF128F93023EB,Inkubus Sukkubus,4813,Brit,Dhenin,1	
TRATSDF128F93023EB,Inkubus Sukkubus,4847,Garrik,Goligher,1	
TRATSDF128F93023EB,Inkubus Sukkubus,4876,Brennan,Blacket,1	
TRATSDF128F93023EB,Inkubus Sukkubus,4891,Mattheus,Tubbs,1	
TRATSDF128F93023EB,Inkubus Sukkubus,4918,Tomasina,Lenihan,1	
TRATSDF128F93023EB,Inkubus Sukkubus,4931,Antony,Gaynor,1	
TRATSDF128F93023EB,Inkubus Sukkubus,4939,Christian,Yurevich,1	
TRATSDF128F93023EB,Inkubus Sukkubus,4977,Kellen,Worcester,1	
TRATSDF128F93023EB,Inkubus Sukkubus,499,Charo,Irons,1	
TRATSDF128F93023EB,Inkubus Sukkubus,4998,Cesar,Stelle,1	
TRATSDF128F93023EB,Inkubus Sukkubus,5007,Bastian,Smalecombe,1	
TRATSDF128F93023EB,Inkubus Sukkubus,5008,Odilia,Butters,1	
TRATSDF128F93023EB,Inkubus Sukkubus,5017,Kimble,Rosenblad,1	
TRATSDF128F93023EB,Inkubus Sukkubus,502,Lionel,Brucker,1	
TRATSDF128F93023EB,Inkubus Sukkubus,5020,Berkly,Longland,1	
TRATSDF128F93023EB,Inkubus Sukkubus,5072,Nell,Vanyakin,1	
TRATSDF128F93023EB,Inkubus Sukkubus,5075,Jemmie,Delia,1	
TRATSDF128F93023EB,Inkubus Sukkubus,5085,Berk,Guirau,1	
TRATSDF128F93023EB,Inkubus Sukkubus,5107,Gan,Sherington,1	
TRATSDF128F93023EB,Inkubus Sukkubus,5147,Ward,Menichini,1	
TRATSDF128F93023EB,Inkubus Sukkubus,5160,Karia,Sorby,1	
TRATSDF128F93023EB,Inkubus Sukkubus,5174,Carmine,Cremin,1	
TRATSDF128F93023EB,Inkubus Sukkubus,5232,Guinna,Wennington,1	
TRATSDF128F93023EB,Inkubus Sukkubus,5249,Dallas,Weigh,1	
TRATSDF128F93023EB,Inkubus Sukkubus,5260,Gabe,Duddin,1	
TRATSDF128F93023EB,Inkubus Sukkubus,5288,Carver,Rosterne,1	
TRATSDF128F93023EB,Inkubus Sukkubus,5298,Hope,Beagen,1	
TRATSDF128F93023EB,Inkubus Sukkubus,5306,Michaela,Brown,1	
TRATSDF128F93023EB,Inkubus Sukkubus,5339,Murray,Lantry,1	
TRATSDF128F93023EB,Inkubus Sukkubus,5377,Terencio,Albinson,1	
TRATSDF128F93023EB,Inkubus Sukkubus,5402,Ertha,Wiggall,1	
TRATSDF128F93023EB,Inkubus Sukkubus,5410,Angeline,Pineaux,1	
TRATSDF128F93023EB,Inkubus Sukkubus,5442,Mord,Egerton,1	
TRATSDF128F93023EB,Inkubus Sukkubus,5449,Agnes,Hazeldean,1	
TRATSDF128F93023EB,Inkubus Sukkubus,5453,Edi,Shephard,1	
TRATSDF128F93023EB,Inkubus Sukkubus,5493,Hasheem,Menault,1	
TRATSDF128F93023EB,Inkubus Sukkubus,5504,Cinderella,Adelman,1	
TRATSDF128F93023EB,Inkubus Sukkubus,5651,Andres,Lejeune,1	
TRATSDF128F93023EB,Inkubus Sukkubus,5697,Anna-diana,Andreopolos,1	
TRATSDF128F93023EB,Inkubus Sukkubus,5712,Barty,Maplestone,1	
TRATSDF128F93023EB,Inkubus Sukkubus,5721,Caprice,Damrell,1	
TRATSDF128F93023EB,Inkubus Sukkubus,5758,Wildon,Fawdry,1	
TRATSDF128F93023EB,Inkubus Sukkubus,5811,Karrie,Callendar,1	
TRATSDF128F93023EB,Inkubus Sukkubus,5836,Wat,Deex,1	
TRATSDF128F93023EB,Inkubus Sukkubus,5840,Lowell,Crighton,1	
TRATSDF128F93023EB,Inkubus Sukkubus,5858,Felice,Kristoffersen,1	
TRATSDF128F93023EB,Inkubus Sukkubus,5910,Gonzalo,Pallent,1	
TRATSDF128F93023EB,Inkubus Sukkubus,5951,Timmy,Tidmas,1	
TRATSDF128F93023EB,Inkubus Sukkubus,5954,Garik,Eadington,1	
TRATSDF128F93023EB,Inkubus Sukkubus,6002,Rourke,Miguel,1	
TRATSDF128F93023EB,Inkubus Sukkubus,6016,Francoise,Yude,2	
TRATSDF128F93023EB,Inkubus Sukkubus,6024,Bevan,Raccio,1	
TRATSDF128F93023EB,Inkubus Sukkubus,6044,Niki,Pessold,1	
TRATSDF128F93023EB,Inkubus Sukkubus,6054,Vanya,McPartlin,1	
TRATSDF128F93023EB,Inkubus Sukkubus,6074,Trey,Mablestone,1	
TRATSDF128F93023EB,Inkubus Sukkubus,6091,Kelila,Plak,1	
TRATSDF128F93023EB,Inkubus Sukkubus,61,Andris,McTrusty,1	
TRATSDF128F93023EB,Inkubus Sukkubus,6233,Durward,Zotto,1	
TRATSDF128F93023EB,Inkubus Sukkubus,6241,Ezmeralda,Whitnall,1	
TRATSDF128F93023EB,Inkubus Sukkubus,6270,Laurel,Niessen,1	
TRATSDF128F93023EB,Inkubus Sukkubus,6326,Theresina,St Quenin,1	
TRATSDF128F93023EB,Inkubus Sukkubus,6332,Mata,Capper,1	
TRATSDF128F93023EB,Inkubus Sukkubus,6352,Joey,Buckhurst,1	
TRATSDF128F93023EB,Inkubus Sukkubus,6377,Gale,Konrad,1	
TRATSDF128F93023EB,Inkubus Sukkubus,6378,Sigismondo,Sawkin,1	
TRATSDF128F93023EB,Inkubus Sukkubus,6380,Jaquelin,O'Loughane,1	
TRATSDF128F93023EB,Inkubus Sukkubus,6461,Valentine,Meddows,1	
TRATSDF128F93023EB,Inkubus Sukkubus,6465,Port,Gaynsford,1	
TRATSDF128F93023EB,Inkubus Sukkubus,648,Cinda,Eskrick,1	
TRATSDF128F93023EB,Inkubus Sukkubus,6522,Jeanna,Hopkyns,1	
TRATSDF128F93023EB,Inkubus Sukkubus,656,Natala,Calliss,1	
TRATSDF128F93023EB,Inkubus Sukkubus,6561,Ariela,Clemonts,1	
TRATSDF128F93023EB,Inkubus Sukkubus,6664,Bernetta,Warin,1	
TRATSDF128F93023EB,Inkubus Sukkubus,6692,Gretel,Chad,1	
TRATSDF128F93023EB,Inkubus Sukkubus,6771,Laurie,Uttridge,1	
TRATSDF128F93023EB,Inkubus Sukkubus,6808,Bradan,Cartmell,1	
TRATSDF128F93023EB,Inkubus Sukkubus,6812,Elnora,O'Suaird,1	
TRATSDF128F93023EB,Inkubus Sukkubus,6817,Kacie,Cadamy,1	
TRATSDF128F93023EB,Inkubus Sukkubus,6821,Tracee,Soall,1	
TRATSDF128F93023EB,Inkubus Sukkubus,6826,Rowney,Oakhill,1	
TRATSDF128F93023EB,Inkubus Sukkubus,6835,Benito,Carmel,2	
TRATSDF128F93023EB,Inkubus Sukkubus,6837,Lilith,McKibbin,1	
TRATSDF128F93023EB,Inkubus Sukkubus,6886,Lorilyn,Conyard,1	
TRATSDF128F93023EB,Inkubus Sukkubus,693,Ozzie,Mulkerrins,1	
TRATSDF128F93023EB,Inkubus Sukkubus,6938,Nady,Gurden,1	
TRATSDF128F93023EB,Inkubus Sukkubus,6939,Farley,de Werk,1	
TRATSDF128F93023EB,Inkubus Sukkubus,6955,Jude,Sebborn,1	
TRATSDF128F93023EB,Inkubus Sukkubus,7020,Cleavland,Mathie,1	
TRATSDF128F93023EB,Inkubus Sukkubus,704,Kacey,Straker,1	
TRATSDF128F93023EB,Inkubus Sukkubus,7046,Fowler,Willder,1	
TRATSDF128F93023EB,Inkubus Sukkubus,7085,Neala,Cole,1	
TRATSDF128F93023EB,Inkubus Sukkubus,7096,Emilee,Fibbens,1	
TRATSDF128F93023EB,Inkubus Sukkubus,7130,Neddie,Perllman,1	
TRATSDF128F93023EB,Inkubus Sukkubus,7166,Ruthann,Clampe,1	
TRATSDF128F93023EB,Inkubus Sukkubus,7196,Thelma,Woodburn,1	
TRATSDF128F93023EB,Inkubus Sukkubus,7217,Tully,Bengoechea,1	
TRATSDF128F93023EB,Inkubus Sukkubus,7229,Dukie,Dutton,1	
TRATSDF128F93023EB,Inkubus Sukkubus,723,Gaylord,Ayer,1	
TRATSDF128F93023EB,Inkubus Sukkubus,7243,Birdie,McAlester,1	
TRATSDF128F93023EB,Inkubus Sukkubus,7250,Guy,Farrent,1	
TRATSDF128F93023EB,Inkubus Sukkubus,7258,Keen,Ladds,1	
TRATSDF128F93023EB,Inkubus Sukkubus,7268,Eloisa,Czaja,1	
TRATSDF128F93023EB,Inkubus Sukkubus,7301,Weylin,Caygill,1	
TRATSDF128F93023EB,Inkubus Sukkubus,735,Ivan,Banisch,1	
TRATSDF128F93023EB,Inkubus Sukkubus,7380,Andee,McGinly,1	
TRATSDF128F93023EB,Inkubus Sukkubus,7381,Trent,Bowdery,1	
TRATSDF128F93023EB,Inkubus Sukkubus,742,Dalenna,Bennison,1	
TRATSDF128F93023EB,Inkubus Sukkubus,7432,Sioux,Lisciandro,1	
TRATSDF128F93023EB,Inkubus Sukkubus,7436,Andriette,Rope,1	
TRATSDF128F93023EB,Inkubus Sukkubus,745,Anestassia,Marks,1	
TRATSDF128F93023EB,Inkubus Sukkubus,7499,Devinne,Hazeldene,1	
TRATSDF128F93023EB,Inkubus Sukkubus,752,Shell,Di Pietro,1	
TRATSDF128F93023EB,Inkubus Sukkubus,7604,Durante,Maddison,1	
TRATSDF128F93023EB,Inkubus Sukkubus,761,Berkley,Nerheny,1	
TRATSDF128F93023EB,Inkubus Sukkubus,7659,Cammie,Leinweber,1	
TRATSDF128F93023EB,Inkubus Sukkubus,7728,Eddi,Shepland,1	
TRATSDF128F93023EB,Inkubus Sukkubus,7734,Guthrey,Hewins,1	
TRATSDF128F93023EB,Inkubus Sukkubus,7767,Bessy,Jenny,1	
TRATSDF128F93023EB,Inkubus Sukkubus,7771,Gabriell,Reed,1	
TRATSDF128F93023EB,Inkubus Sukkubus,7895,Ciel,Clurow,1	
TRATSDF128F93023EB,Inkubus Sukkubus,7910,Moore,Disman,1	
TRATSDF128F93023EB,Inkubus Sukkubus,7929,Asa,Chalkly,1	
TRATSDF128F93023EB,Inkubus Sukkubus,7931,Humbert,Roeby,1	
TRATSDF128F93023EB,Inkubus Sukkubus,7950,Lucian,Foxhall,1	
TRATSDF128F93023EB,Inkubus Sukkubus,7988,Maritsa,Large,1	
TRATSDF128F93023EB,Inkubus Sukkubus,7998,Daniella,Ianinotti,1	
TRATSDF128F93023EB,Inkubus Sukkubus,817,Averill,Rentilll,1	
TRATSDF128F93023EB,Inkubus Sukkubus,826,Elia,Brantl,1	
TRATSDF128F93023EB,Inkubus Sukkubus,884,Cristionna,Peplow,1	
TRATSDF128F93023EB,Inkubus Sukkubus,899,Florette,Pavek,1	
TRATSDF128F93023EB,Inkubus Sukkubus,90,Wash,Baiyle,1	
TRATSDF128F93023EB,Inkubus Sukkubus,981,Annmaria,Creaser,1	
TRATSDF128F93023EB,Inkubus Sukkubus,993,Dusty,Moverley,1	
TRATSFS12903D03730,Dave Evans,1006,Hakim,Chainey,1	
TRATSFS12903D03730,Dave Evans,1007,Simone,Barehead,1	
TRATSFS12903D03730,Dave Evans,1021,Rebeca,Irnis,1	
TRATSFS12903D03730,Dave Evans,1028,Alden,Fehners,1	
TRATSFS12903D03730,Dave Evans,1031,Filide,Yarnall,1	
TRATSFS12903D03730,Dave Evans,1052,Flore,Llywarch,1	
TRATSFS12903D03730,Dave Evans,1114,Kiley,Mustill,1	
TRATSFS12903D03730,Dave Evans,112,Jozef,Bern,1	
TRATSFS12903D03730,Dave Evans,1121,Jillana,Healings,1	
TRATSFS12903D03730,Dave Evans,1140,Dex,Galvin,1	
TRATSFS12903D03730,Dave Evans,1146,Camala,Elkington,1	
TRATSFS12903D03730,Dave Evans,1147,Hyacintha,Vanyutin,1	
TRATSFS12903D03730,Dave Evans,1151,Hyacinthia,Saggers,1	
TRATSFS12903D03730,Dave Evans,1179,Rori,Kennedy,1	
TRATSFS12903D03730,Dave Evans,1191,Adria,Blaszkiewicz,1	
TRATSFS12903D03730,Dave Evans,1227,Romain,Bullas,1	
TRATSFS12903D03730,Dave Evans,1239,Elle,Ethelstone,1	
TRATSFS12903D03730,Dave Evans,1258,Arte,Siss,1	
TRATSFS12903D03730,Dave Evans,1268,Bernetta,Hutson,1	
TRATSFS12903D03730,Dave Evans,1271,Carmita,Solomonides,1	
TRATSFS12903D03730,Dave Evans,1290,Anastasia,Ivanov,1	
TRATSFS12903D03730,Dave Evans,1315,Niki,Trenbey,1	
TRATSFS12903D03730,Dave Evans,1351,Tate,Tebbitt,1	
TRATSFS12903D03730,Dave Evans,1360,Gerardo,O' Reagan,1	
TRATSFS12903D03730,Dave Evans,1403,Demetria,Swetland,1	
TRATSFS12903D03730,Dave Evans,1426,Bobbi,Sline,1	
TRATSFS12903D03730,Dave Evans,1434,Nowell,Powland,1	
TRATSFS12903D03730,Dave Evans,1452,Emmie,Zipsell,1	
TRATSFS12903D03730,Dave Evans,1498,Kellby,Adamov,1	
TRATSFS12903D03730,Dave Evans,1521,Allyn,Aime,1	
TRATSFS12903D03730,Dave Evans,1648,El,Dotterill,1	
TRATSFS12903D03730,Dave Evans,1656,Tabb,Housin,1	
TRATSFS12903D03730,Dave Evans,1658,Wiatt,Sargint,1	
TRATSFS12903D03730,Dave Evans,1677,Corrie,Tarry,1	
TRATSFS12903D03730,Dave Evans,169,Rozalie,Landeg,1	
TRATSFS12903D03730,Dave Evans,1707,Murdoch,Gravey,1	
TRATSFS12903D03730,Dave Evans,1708,Page,Rubke,1	
TRATSFS12903D03730,Dave Evans,171,Myrtice,Joannidi,1	
TRATSFS12903D03730,Dave Evans,1714,Roana,Boriston,1	
TRATSFS12903D03730,Dave Evans,1719,Torrin,Leither,1	
TRATSFS12903D03730,Dave Evans,176,Finlay,MacSkeagan,1	
TRATSFS12903D03730,Dave Evans,178,Horace,Checkley,1	
TRATSFS12903D03730,Dave Evans,1798,Roderic,Petrashkov,1	
TRATSFS12903D03730,Dave Evans,1806,Siana,Harlin,1	
TRATSFS12903D03730,Dave Evans,1830,Yank,Jee,1	
TRATSFS12903D03730,Dave Evans,1861,Jonell,Tern,1	
TRATSFS12903D03730,Dave Evans,1870,Torie,Mixworthy,1	
TRATSFS12903D03730,Dave Evans,1888,Delphine,Stirtle,1	
TRATSFS12903D03730,Dave Evans,1912,Benedick,Trawin,1	
TRATSFS12903D03730,Dave Evans,1929,Graeme,Jovis,1	
TRATSFS12903D03730,Dave Evans,1932,Marybeth,Clough,1	
TRATSFS12903D03730,Dave Evans,1971,Zorah,Rozzier,1	
TRATSFS12903D03730,Dave Evans,198,Sidnee,Clemetts,1	
TRATSFS12903D03730,Dave Evans,1987,Bryanty,Blemings,1	
TRATSFS12903D03730,Dave Evans,1998,Cathee,Ricketts,1	
TRATSFS12903D03730,Dave Evans,2065,Heath,Erley,1	
TRATSFS12903D03730,Dave Evans,2068,Hillel,Kift,1	
TRATSFS12903D03730,Dave Evans,2073,Saw,Bilovus,1	
TRATSFS12903D03730,Dave Evans,2074,Gladys,Harland,1	
TRATSFS12903D03730,Dave Evans,214,Erminie,Titheridge,1	
TRATSFS12903D03730,Dave Evans,2153,Monti,Kembery,1	
TRATSFS12903D03730,Dave Evans,2180,Maye,Bernlin,1	
TRATSFS12903D03730,Dave Evans,2273,Keene,Duny,1	
TRATSFS12903D03730,Dave Evans,23,Antonella,Gauntlett,1	
TRATSFS12903D03730,Dave Evans,240,Beverlee,Berrisford,1	
TRATSFS12903D03730,Dave Evans,2410,Diana,Rappa,1	
TRATSFS12903D03730,Dave Evans,2450,Celinda,Isley,1	
TRATSFS12903D03730,Dave Evans,2452,Myca,Dobell,2	
TRATSFS12903D03730,Dave Evans,248,Frannie,Pavlov,1	
TRATSFS12903D03730,Dave Evans,2482,Felicia,MacShirie,1	
TRATSFS12903D03730,Dave Evans,2491,Fanny,Jermy,1	
TRATSFS12903D03730,Dave Evans,2511,Drusilla,Oda,1	
TRATSFS12903D03730,Dave Evans,2518,Arliene,Durrell,1	
TRATSFS12903D03730,Dave Evans,252,Dotti,Siward,1	
TRATSFS12903D03730,Dave Evans,2524,Marijn,Cornuau,1	
TRATSFS12903D03730,Dave Evans,2537,Benedick,Brooking,1	
TRATSFS12903D03730,Dave Evans,2573,Averell,Bottby,1	
TRATSFS12903D03730,Dave Evans,2574,Euphemia,Garvie,1	
TRATSFS12903D03730,Dave Evans,2591,Alessandra,Domange,1	
TRATSFS12903D03730,Dave Evans,2622,Giraldo,Coudray,1	
TRATSFS12903D03730,Dave Evans,2667,Georgia,Caldeyroux,1	
TRATSFS12903D03730,Dave Evans,269,Caroline,Meiklem,1	
TRATSFS12903D03730,Dave Evans,2714,Lorianne,Mettericke,1	
TRATSFS12903D03730,Dave Evans,2721,Morris,Haszard,1	
TRATSFS12903D03730,Dave Evans,2742,Dix,Elkins,1	
TRATSFS12903D03730,Dave Evans,2791,Nils,Blackesland,1	
TRATSFS12903D03730,Dave Evans,2806,Nyssa,Ferminger,1	
TRATSFS12903D03730,Dave Evans,2861,Dylan,Veneur,1	
TRATSFS12903D03730,Dave Evans,2863,Russell,Bakey,1	
TRATSFS12903D03730,Dave Evans,2879,Perren,Wheatland,1	
TRATSFS12903D03730,Dave Evans,2970,Cybill,Licas,1	
TRATSFS12903D03730,Dave Evans,3016,Elissa,Poe,1	
TRATSFS12903D03730,Dave Evans,3022,Worthy,McRuvie,1	
TRATSFS12903D03730,Dave Evans,309,Arabella,Lougheed,1	
TRATSFS12903D03730,Dave Evans,3156,Stanley,Burnett,1	
TRATSFS12903D03730,Dave Evans,3186,Sarena,Millett,2	
TRATSFS12903D03730,Dave Evans,3222,Theodore,Klemenz,1	
TRATSFS12903D03730,Dave Evans,3226,Templeton,Gareisr,1	
TRATSFS12903D03730,Dave Evans,3263,Adara,Strover,1	
TRATSFS12903D03730,Dave Evans,3271,Normy,Nealand,1	
TRATSFS12903D03730,Dave Evans,3302,Leigh,Leggin,1	
TRATSFS12903D03730,Dave Evans,3307,Cornie,Sinnatt,1	
TRATSFS12903D03730,Dave Evans,3308,Valentin,Stachini,1	
TRATSFS12903D03730,Dave Evans,3357,Misha,Byres,1	
TRATSFS12903D03730,Dave Evans,3359,Kandace,Beddo,1	
TRATSFS12903D03730,Dave Evans,3363,Maxim,Rutigliano,1	
TRATSFS12903D03730,Dave Evans,3375,Vidovic,Screeton,1	
TRATSFS12903D03730,Dave Evans,3405,Ardra,Butchart,1	
TRATSFS12903D03730,Dave Evans,3472,Ulberto,Heyns,1	
TRATSFS12903D03730,Dave Evans,3486,Mallory,Duthie,1	
TRATSFS12903D03730,Dave Evans,3496,Jocko,Borell,1	
TRATSFS12903D03730,Dave Evans,3527,Kassey,Djurevic,1	
TRATSFS12903D03730,Dave Evans,3542,Karel,Whales,1	
TRATSFS12903D03730,Dave Evans,3620,Andra,Gilbeart,1	
TRATSFS12903D03730,Dave Evans,3702,Cordell,Haily,1	
TRATSFS12903D03730,Dave Evans,3704,Mikaela,Warratt,1	
TRATSFS12903D03730,Dave Evans,3711,Mildrid,Pardoe,1	
TRATSFS12903D03730,Dave Evans,3729,Orland,Nelsen,1	
TRATSFS12903D03730,Dave Evans,3737,Lucita,Rawdales,1	
TRATSFS12903D03730,Dave Evans,3738,Ettie,Waszkiewicz,1	
TRATSFS12903D03730,Dave Evans,3741,Cletus,Bredes,1	
TRATSFS12903D03730,Dave Evans,3759,Katheryn,Beynkn,1	
TRATSFS12903D03730,Dave Evans,3780,Francis,Glusby,1	
TRATSFS12903D03730,Dave Evans,3805,Yalonda,Harryman,1	
TRATSFS12903D03730,Dave Evans,3855,Edd,Arbon,1	
TRATSFS12903D03730,Dave Evans,3874,Kin,Duddin,1	
TRATSFS12903D03730,Dave Evans,3879,Link,Crosfeld,1	
TRATSFS12903D03730,Dave Evans,3880,Blaire,Burchnall,1	
TRATSFS12903D03730,Dave Evans,3896,Rania,Kimpton,1	
TRATSFS12903D03730,Dave Evans,3911,Monti,Mayes,1	
TRATSFS12903D03730,Dave Evans,3933,Nickey,Denisot,1	
TRATSFS12903D03730,Dave Evans,3955,Meridel,Cutress,1	
TRATSFS12903D03730,Dave Evans,3964,Nannette,Kopps,1	
TRATSFS12903D03730,Dave Evans,3976,Dayna,Lemoir,1	
TRATSFS12903D03730,Dave Evans,4025,Dante,Seaking,1	
TRATSFS12903D03730,Dave Evans,4058,Ulberto,Strutley,1	
TRATSFS12903D03730,Dave Evans,4059,Jillane,Georghiou,1	
TRATSFS12903D03730,Dave Evans,406,Sarge,Knocker,1	
TRATSFS12903D03730,Dave Evans,410,Farrell,Sackes,1	
TRATSFS12903D03730,Dave Evans,412,Hartley,Bottrell,1	
TRATSFS12903D03730,Dave Evans,413,Melisse,Friday,1	
TRATSFS12903D03730,Dave Evans,4141,Shalne,Barfoot,1	
TRATSFS12903D03730,Dave Evans,4144,Natty,Snashall,1	
TRATSFS12903D03730,Dave Evans,42,Weber,Duchan,1	
TRATSFS12903D03730,Dave Evans,424,Heall,Ranald,1	
TRATSFS12903D03730,Dave Evans,4240,Wilek,Grain,1	
TRATSFS12903D03730,Dave Evans,4270,Giacopo,Jendrusch,1	
TRATSFS12903D03730,Dave Evans,4315,Pate,Shinefield,1	
TRATSFS12903D03730,Dave Evans,4356,Tyrus,Meech,1	
TRATSFS12903D03730,Dave Evans,4359,Rabi,Codling,1	
TRATSFS12903D03730,Dave Evans,4454,Kurtis,Rowbury,1	
TRATSFS12903D03730,Dave Evans,4529,Wendel,Attreed,1	
TRATSFS12903D03730,Dave Evans,457,Frederik,Kovacs,1	
TRATSFS12903D03730,Dave Evans,4571,Stinky,Boxer,1	
TRATSFS12903D03730,Dave Evans,4588,Javier,Perchard,1	
TRATSFS12903D03730,Dave Evans,4602,Meggy,Cullnean,1	
TRATSFS12903D03730,Dave Evans,4630,Abby,Montague,1	
TRATSFS12903D03730,Dave Evans,4666,Esteban,Fishly,1	
TRATSFS12903D03730,Dave Evans,467,Geralda,Oddey,1	
TRATSFS12903D03730,Dave Evans,4680,Lockwood,Tamas,1	
TRATSFS12903D03730,Dave Evans,4699,Patricio,Clementi,1	
TRATSFS12903D03730,Dave Evans,4733,Christean,Mawd,1	
TRATSFS12903D03730,Dave Evans,4745,Dilan,Soot,1	
TRATSFS12903D03730,Dave Evans,4762,Mahala,Barchrameev,1	
TRATSFS12903D03730,Dave Evans,4767,Ferd,Fareweather,1	
TRATSFS12903D03730,Dave Evans,4770,Tracie,Couve,1	
TRATSFS12903D03730,Dave Evans,4805,Ulrica,Bontoft,1	
TRATSFS12903D03730,Dave Evans,4863,Cyrille,Seeking,1	
TRATSFS12903D03730,Dave Evans,4947,Peter,Buesden,1	
TRATSFS12903D03730,Dave Evans,4957,Octavia,How,1	
TRATSFS12903D03730,Dave Evans,4973,Leonardo,Dormand,1	
TRATSFS12903D03730,Dave Evans,4981,Lenna,Hollidge,1	
TRATSFS12903D03730,Dave Evans,4985,Huey,Sinnocke,1	
TRATSFS12903D03730,Dave Evans,4999,Griffith,Blackett,1	
TRATSFS12903D03730,Dave Evans,5002,Shina,Cadreman,1	
TRATSFS12903D03730,Dave Evans,5029,Johnath,Gruszka,1	
TRATSFS12903D03730,Dave Evans,5035,Jefferson,Malt,1	
TRATSFS12903D03730,Dave Evans,5080,Meredith,Vasyushkhin,1	
TRATSFS12903D03730,Dave Evans,5135,Guthrey,Marchington,1	
TRATSFS12903D03730,Dave Evans,5172,Hyman,Saxelby,1	
TRATSFS12903D03730,Dave Evans,5174,Carmine,Cremin,1	
TRATSFS12903D03730,Dave Evans,518,Timoteo,Chimes,1	
TRATSFS12903D03730,Dave Evans,5208,Aviva,Burgon,1	
TRATSFS12903D03730,Dave Evans,5211,Genvieve,Marvelley,1	
TRATSFS12903D03730,Dave Evans,5217,Eileen,Endean,1	
TRATSFS12903D03730,Dave Evans,5288,Carver,Rosterne,1	
TRATSFS12903D03730,Dave Evans,530,Junette,Persence,1	
TRATSFS12903D03730,Dave Evans,5311,Zita,Woolerton,1	
TRATSFS12903D03730,Dave Evans,5321,Arel,Cruse,1	
TRATSFS12903D03730,Dave Evans,5362,Phyllis,Curreen,1	
TRATSFS12903D03730,Dave Evans,5445,Silvio,Yvon,1	
TRATSFS12903D03730,Dave Evans,5452,Selie,Blayd,1	
TRATSFS12903D03730,Dave Evans,5456,Araldo,Legier,1	
TRATSFS12903D03730,Dave Evans,5463,Baily,Driver,1	
TRATSFS12903D03730,Dave Evans,5500,Annabel,Benet,1	
TRATSFS12903D03730,Dave Evans,5514,Elwin,Zollner,1	
TRATSFS12903D03730,Dave Evans,5533,Brigida,Rhead,1	
TRATSFS12903D03730,Dave Evans,554,Chelsy,Lantaph,1	
TRATSFS12903D03730,Dave Evans,5544,Rey,Neate,1	
TRATSFS12903D03730,Dave Evans,56,Randal,Leadley,1	
TRATSFS12903D03730,Dave Evans,5626,Raimondo,Osborne,1	
TRATSFS12903D03730,Dave Evans,565,Caralie,Blondelle,1	
TRATSFS12903D03730,Dave Evans,5657,Netta,Duddle,1	
TRATSFS12903D03730,Dave Evans,566,Stan,McLachlan,1	
TRATSFS12903D03730,Dave Evans,5683,Dell,MacTague,1	
TRATSFS12903D03730,Dave Evans,5703,June,Baignard,1	
TRATSFS12903D03730,Dave Evans,5716,Gray,de Guerre,1	
TRATSFS12903D03730,Dave Evans,5753,Martie,Goodge,1	
TRATSFS12903D03730,Dave Evans,5755,Claudina,Bousfield,1	
TRATSFS12903D03730,Dave Evans,580,Julio,Pleass,1	
TRATSFS12903D03730,Dave Evans,5855,Ingeberg,Di Bernardo,1	
TRATSFS12903D03730,Dave Evans,5872,Jenine,Mintoft,1	
TRATSFS12903D03730,Dave Evans,5885,Rebe,Goulbourne,1	
TRATSFS12903D03730,Dave Evans,592,Daffy,McGinnis,1	
TRATSFS12903D03730,Dave Evans,5922,Godart,Ickovici,1	
TRATSFS12903D03730,Dave Evans,5927,Redd,Schimoni,1	
TRATSFS12903D03730,Dave Evans,5930,Tresa,Dumbare,1	
TRATSFS12903D03730,Dave Evans,5948,Tawnya,Thomsson,1	
TRATSFS12903D03730,Dave Evans,5952,Cheston,Blamphin,1	
TRATSFS12903D03730,Dave Evans,5988,Julina,Crake,1	
TRATSFS12903D03730,Dave Evans,6020,Wolfy,Baise,1	
TRATSFS12903D03730,Dave Evans,6022,Briney,Denyer,1	
TRATSFS12903D03730,Dave Evans,604,Jammie,Gheorghie,1	
TRATSFS12903D03730,Dave Evans,6096,Christiane,Moar,1	
TRATSFS12903D03730,Dave Evans,6099,Sylas,Sawle,1	
TRATSFS12903D03730,Dave Evans,6113,Ade,Danilin,2	
TRATSFS12903D03730,Dave Evans,6121,Annmaria,Dast,1	
TRATSFS12903D03730,Dave Evans,6189,Jonah,Ramard,1	
TRATSFS12903D03730,Dave Evans,6194,Erroll,Henzer,1	
TRATSFS12903D03730,Dave Evans,6212,Beulah,Chamberlain,1	
TRATSFS12903D03730,Dave Evans,6218,Paulita,Ducker,1	
TRATSFS12903D03730,Dave Evans,6279,Kenneth,Ivashkin,1	
TRATSFS12903D03730,Dave Evans,6306,Jackqueline,McIlheran,1	
TRATSFS12903D03730,Dave Evans,6311,Eddy,Switsur,1	
TRATSFS12903D03730,Dave Evans,6363,Grata,Spinetti,1	
TRATSFS12903D03730,Dave Evans,6467,Herculie,Anthonsen,1	
TRATSFS12903D03730,Dave Evans,6494,Emma,Currell,1	
TRATSFS12903D03730,Dave Evans,65,Tamar,Daniello,1	
TRATSFS12903D03730,Dave Evans,6537,Ernesta,Cambden,1	
TRATSFS12903D03730,Dave Evans,6564,Barron,Polglase,1	
TRATSFS12903D03730,Dave Evans,6595,Dennie,Ferraro,1	
TRATSFS12903D03730,Dave Evans,6613,Faina,Witheridge,1	
TRATSFS12903D03730,Dave Evans,6622,Reeba,Edington,1	
TRATSFS12903D03730,Dave Evans,663,Lena,Snaith,1	
TRATSFS12903D03730,Dave Evans,6650,Patric,Bottjer,1	
TRATSFS12903D03730,Dave Evans,6721,Monika,Bullen,1	
TRATSFS12903D03730,Dave Evans,6722,Britni,Ruseworth,2	
TRATSFS12903D03730,Dave Evans,6732,Caldwell,Gillett,1	
TRATSFS12903D03730,Dave Evans,6740,Oriana,Shimuk,1	
TRATSFS12903D03730,Dave Evans,6752,Gray,Cary,1	
TRATSFS12903D03730,Dave Evans,6762,Issi,Perott,1	
TRATSFS12903D03730,Dave Evans,6772,Cacilia,Rawls,1	
TRATSFS12903D03730,Dave Evans,6779,Roddie,Dunnan,1	
TRATSFS12903D03730,Dave Evans,6791,Siobhan,Kleinmintz,1	
TRATSFS12903D03730,Dave Evans,6799,Johnette,Wyld,1	
TRATSFS12903D03730,Dave Evans,6836,Terrijo,Cahani,1	
TRATSFS12903D03730,Dave Evans,6847,Gualterio,Jahner,1	
TRATSFS12903D03730,Dave Evans,6850,Trumaine,Dziwisz,1	
TRATSFS12903D03730,Dave Evans,6852,Gaylor,Suero,1	
TRATSFS12903D03730,Dave Evans,6866,Gabbie,De Domenici,1	
TRATSFS12903D03730,Dave Evans,6884,Mathian,McIlhatton,1	
TRATSFS12903D03730,Dave Evans,6934,Dur,Blunn,1	
TRATSFS12903D03730,Dave Evans,6938,Nady,Gurden,1	
TRATSFS12903D03730,Dave Evans,6952,Bambie,Mc Comb,1	
TRATSFS12903D03730,Dave Evans,6967,Ara,Mawman,1	
TRATSFS12903D03730,Dave Evans,6995,Michel,Beech,1	
TRATSFS12903D03730,Dave Evans,7055,Stefania,Simpkin,1	
TRATSFS12903D03730,Dave Evans,7060,Robin,O'Neary,1	
TRATSFS12903D03730,Dave Evans,7105,Roderick,Daouse,1	
TRATSFS12903D03730,Dave Evans,7116,Cleo,Tomes,1	
TRATSFS12903D03730,Dave Evans,7175,Julie,I'anson,1	
TRATSFS12903D03730,Dave Evans,7300,Stacia,Gear,1	
TRATSFS12903D03730,Dave Evans,7307,Cos,Ryce,1	
TRATSFS12903D03730,Dave Evans,7317,Temp,Handslip,1	
TRATSFS12903D03730,Dave Evans,7388,Viva,Goode,1	
TRATSFS12903D03730,Dave Evans,7390,Lyon,Steet,1	
TRATSFS12903D03730,Dave Evans,7394,Cesya,Elliman,1	
TRATSFS12903D03730,Dave Evans,7412,Alon,Neiland,1	
TRATSFS12903D03730,Dave Evans,7455,Salvatore,Gregine,1	
TRATSFS12903D03730,Dave Evans,7476,Jean,Haley,1	
TRATSFS12903D03730,Dave Evans,7482,Rachael,Calf,1	
TRATSFS12903D03730,Dave Evans,749,Lucien,Gooddie,1	
TRATSFS12903D03730,Dave Evans,7496,Charlton,Harborow,1	
TRATSFS12903D03730,Dave Evans,7519,Fayre,Guilliatt,1	
TRATSFS12903D03730,Dave Evans,7526,Raoul,Elder,1	
TRATSFS12903D03730,Dave Evans,7535,Dacie,Cuttings,1	
TRATSFS12903D03730,Dave Evans,7570,Cassandre,Adamiak,1	
TRATSFS12903D03730,Dave Evans,7637,Deeanne,Baxstare,1	
TRATSFS12903D03730,Dave Evans,764,Maridel,Postin,1	
TRATSFS12903D03730,Dave Evans,7657,Crystie,Manicom,1	
TRATSFS12903D03730,Dave Evans,771,Timofei,Sattin,1	
TRATSFS12903D03730,Dave Evans,7756,Leigha,Dayce,1	
TRATSFS12903D03730,Dave Evans,7825,Jens,Yeo,1	
TRATSFS12903D03730,Dave Evans,7826,Linzy,Thoumasson,1	
TRATSFS12903D03730,Dave Evans,7831,Adrien,Circuitt,1	
TRATSFS12903D03730,Dave Evans,7881,Andrea,Martyn,1	
TRATSFS12903D03730,Dave Evans,7915,Shelden,Jelks,1	
TRATSFS12903D03730,Dave Evans,7928,Lu,Bernini,1	
TRATSFS12903D03730,Dave Evans,7973,Alwin,Masham,1	
TRATSFS12903D03730,Dave Evans,798,Sven,McKeowon,1	
TRATSFS12903D03730,Dave Evans,81,Wilburt,Balharrie,1	
TRATSFS12903D03730,Dave Evans,811,Richart,D'Errico,1	
TRATSFS12903D03730,Dave Evans,812,Angelo,Sayers,1	
TRATSFS12903D03730,Dave Evans,839,Ferdie,MacAulay,1	
TRATSFS12903D03730,Dave Evans,855,Selig,Meanwell,1	
TRATSFS12903D03730,Dave Evans,858,Judah,Balmadier,1	
TRATSFS12903D03730,Dave Evans,873,Shaun,MacKibbon,1	
TRATSFS12903D03730,Dave Evans,891,Berta,Lynch,1	
TRATSFS12903D03730,Dave Evans,91,Deane,Leifer,1	
TRATSFS12903D03730,Dave Evans,913,Sada,Sherebrook,1	
TRATSFS12903D03730,Dave Evans,957,Dietrich,Shilstone,1	
TRATSFS12903D03730,Dave Evans,961,Cazzie,Garbott,1	
TRATSFS12903D03730,Dave Evans,997,Hashim,Portwain,1	
TRATSFS12903D03730,Dave Evans,998,Eveleen,Murricanes,1	
TRATSGT12903CDC943,Julie Andrews,1062,Katharyn,Nizard,1	
TRATSGT12903CDC943,Julie Andrews,1068,Rosene,Handover,1	
TRATSGT12903CDC943,Julie Andrews,1112,Morgen,Matchell,1	
TRATSGT12903CDC943,Julie Andrews,1135,Arleta,Tynnan,1	
TRATSGT12903CDC943,Julie Andrews,1152,Eleanora,Farrey,1	
TRATSGT12903CDC943,Julie Andrews,1172,Murvyn,Gee,1	
TRATSGT12903CDC943,Julie Andrews,1179,Rori,Kennedy,1	
TRATSGT12903CDC943,Julie Andrews,1226,Germaine,Viggars,1	
TRATSGT12903CDC943,Julie Andrews,125,Sandi,McInerney,1	
TRATSGT12903CDC943,Julie Andrews,1256,Stormi,Beltzner,1	
TRATSGT12903CDC943,Julie Andrews,1330,Elsbeth,Pilbury,1	
TRATSGT12903CDC943,Julie Andrews,1406,Rozamond,Ellerker,1	
TRATSGT12903CDC943,Julie Andrews,1447,Sheridan,Drayton,1	
TRATSGT12903CDC943,Julie Andrews,1450,Solomon,Spincke,1	
TRATSGT12903CDC943,Julie Andrews,1489,Chadd,Hembery,1	
TRATSGT12903CDC943,Julie Andrews,1490,Martino,Robens,1	
TRATSGT12903CDC943,Julie Andrews,1498,Kellby,Adamov,1	
TRATSGT12903CDC943,Julie Andrews,1520,Todd,Sines,1	
TRATSGT12903CDC943,Julie Andrews,1534,Cyndie,Gill,1	
TRATSGT12903CDC943,Julie Andrews,1564,Gail,Tomaselli,1	
TRATSGT12903CDC943,Julie Andrews,1595,Yanaton,Bleesing,1	
TRATSGT12903CDC943,Julie Andrews,1605,Meier,Nockalls,1	
TRATSGT12903CDC943,Julie Andrews,163,Rochester,Weatherhogg,1	
TRATSGT12903CDC943,Julie Andrews,164,Frankie,Utterson,1	
TRATSGT12903CDC943,Julie Andrews,165,Ariel,Rake,1	
TRATSGT12903CDC943,Julie Andrews,1659,Tildi,Inglish,1	
TRATSGT12903CDC943,Julie Andrews,1672,Montague,Webborn,1	
TRATSGT12903CDC943,Julie Andrews,1698,Drake,Benyon,1	
TRATSGT12903CDC943,Julie Andrews,1764,Levi,Shuttell,1	
TRATSGT12903CDC943,Julie Andrews,1775,Janenna,Todarello,2	
TRATSGT12903CDC943,Julie Andrews,1919,Craggy,Atack,1	
TRATSGT12903CDC943,Julie Andrews,1928,Chelsey,Gerrets,1	
TRATSGT12903CDC943,Julie Andrews,2002,Catrina,Dybbe,1	
TRATSGT12903CDC943,Julie Andrews,2084,Patty,Schollar,1	
TRATSGT12903CDC943,Julie Andrews,212,Oliver,Hurley,1	
TRATSGT12903CDC943,Julie Andrews,2157,Pollyanna,Jatczak,1	
TRATSGT12903CDC943,Julie Andrews,2177,Diane-marie,Bradane,1	
TRATSGT12903CDC943,Julie Andrews,2197,Amandy,Bohin,1	
TRATSGT12903CDC943,Julie Andrews,2198,Homer,Klemencic,1	
TRATSGT12903CDC943,Julie Andrews,2202,Ker,Kingsnoad,1	
TRATSGT12903CDC943,Julie Andrews,2228,Gunilla,Brimner,1	
TRATSGT12903CDC943,Julie Andrews,2260,Brenda,Vannucci,1	
TRATSGT12903CDC943,Julie Andrews,2312,Carola,Studdal,1	
TRATSGT12903CDC943,Julie Andrews,2324,Brandise,Dunk,1	
TRATSGT12903CDC943,Julie Andrews,2369,Normy,Sains,1	
TRATSGT12903CDC943,Julie Andrews,2378,Zuzana,Arlett,1	
TRATSGT12903CDC943,Julie Andrews,2402,Ken,McLeish,1	
TRATSGT12903CDC943,Julie Andrews,2431,Linn,Golling,1	
TRATSGT12903CDC943,Julie Andrews,2450,Celinda,Isley,1	
TRATSGT12903CDC943,Julie Andrews,2456,Alfonso,Warratt,1	
TRATSGT12903CDC943,Julie Andrews,249,Heddi,Espasa,1	
TRATSGT12903CDC943,Julie Andrews,2500,Cassandra,Cardenosa,2	
TRATSGT12903CDC943,Julie Andrews,2502,Corie,O'Henery,1	
TRATSGT12903CDC943,Julie Andrews,2531,Brandise,Curneen,1	
TRATSGT12903CDC943,Julie Andrews,2540,Saunder,Meffan,1	
TRATSGT12903CDC943,Julie Andrews,2553,Eba,Montrose,1	
TRATSGT12903CDC943,Julie Andrews,2554,Rosita,Chrstine,1	
TRATSGT12903CDC943,Julie Andrews,2597,Lark,Warricker,1	
TRATSGT12903CDC943,Julie Andrews,2623,Dalt,Plott,1	
TRATSGT12903CDC943,Julie Andrews,2627,Nahum,Arpur,1	
TRATSGT12903CDC943,Julie Andrews,2646,Brittney,Curlis,1	
TRATSGT12903CDC943,Julie Andrews,2652,Goldi,Humphris,1	
TRATSGT12903CDC943,Julie Andrews,2703,Fredia,Jeanon,1	
TRATSGT12903CDC943,Julie Andrews,2730,Weider,Echalier,1	
TRATSGT12903CDC943,Julie Andrews,2737,Terra,Lapree,1	
TRATSGT12903CDC943,Julie Andrews,2748,Dulciana,Gouinlock,1	
TRATSGT12903CDC943,Julie Andrews,2758,Vinnie,Smout,3	
TRATSGT12903CDC943,Julie Andrews,2760,Merrile,Marc,1	
TRATSGT12903CDC943,Julie Andrews,2766,Jen,Iacobini,1	
TRATSGT12903CDC943,Julie Andrews,2786,Bridie,Woolfall,1	
TRATSGT12903CDC943,Julie Andrews,2828,Lucie,Haking,1	
TRATSGT12903CDC943,Julie Andrews,2834,Arther,Beeton,1	
TRATSGT12903CDC943,Julie Andrews,2866,David,Drain,1	
TRATSGT12903CDC943,Julie Andrews,2901,Winfield,Shawe,1	
TRATSGT12903CDC943,Julie Andrews,2913,Cora,McParland,1	
TRATSGT12903CDC943,Julie Andrews,2923,Melisa,Calderon,1	
TRATSGT12903CDC943,Julie Andrews,2937,Burg,Butterley,1	
TRATSGT12903CDC943,Julie Andrews,2940,Marietta,Leisman,1	
TRATSGT12903CDC943,Julie Andrews,2993,Kirby,Greensall,1	
TRATSGT12903CDC943,Julie Andrews,3013,Bancroft,Stack,1	
TRATSGT12903CDC943,Julie Andrews,3042,Candy,Feaveryear,1	
TRATSGT12903CDC943,Julie Andrews,305,Hayyim,Hawtry,1	
TRATSGT12903CDC943,Julie Andrews,3081,Blancha,Panas,1	
TRATSGT12903CDC943,Julie Andrews,31,Thurstan,McKenna,1	
TRATSGT12903CDC943,Julie Andrews,3131,Packston,Christie,1	
TRATSGT12903CDC943,Julie Andrews,3146,Del,Drewett,1	
TRATSGT12903CDC943,Julie Andrews,3149,Ella,Nathan,1	
TRATSGT12903CDC943,Julie Andrews,3183,Hal,Mulvey,1	
TRATSGT12903CDC943,Julie Andrews,3223,Clarisse,Anespie,1	
TRATSGT12903CDC943,Julie Andrews,324,Abba,Brandoni,1	
TRATSGT12903CDC943,Julie Andrews,3254,Leonerd,Welbrock,1	
TRATSGT12903CDC943,Julie Andrews,3300,Charo,Craxford,1	
TRATSGT12903CDC943,Julie Andrews,3307,Cornie,Sinnatt,1	
TRATSGT12903CDC943,Julie Andrews,3317,Adriane,Gregoli,1	
TRATSGT12903CDC943,Julie Andrews,3329,Mada,Furley,1	
TRATSGT12903CDC943,Julie Andrews,3331,Veronika,Sargood,1	
TRATSGT12903CDC943,Julie Andrews,337,Bryce,Foro,1	
TRATSGT12903CDC943,Julie Andrews,3375,Vidovic,Screeton,1	
TRATSGT12903CDC943,Julie Andrews,3379,Cross,Reyburn,1	
TRATSGT12903CDC943,Julie Andrews,3380,Max,Shardlow,1	
TRATSGT12903CDC943,Julie Andrews,341,Walt,Chestnut,1	
TRATSGT12903CDC943,Julie Andrews,3489,Candide,Kinnard,1	
